,SYMBOL,NAME OF COMPANY
0,20MICRONS,20 Microns Limited
1,21STCENMGM,21st Century Management Services Limited
2,360ONE,360 ONE WAM LIMITED
3,3IINFOLTD,3i Infotech Limited
4,3MINDIA,3M India Limited
5,3PLAND,3P Land Holdings Limited
6,4THDIM,Fourth Dimension Solutions Limited
7,5PAISA,5Paisa Capital Limited
8,63MOONS,63 moons technologies limited
9,A2ZINFRA,A2Z Infra Engineering Limited
10,AAATECH,AAA Technologies Limited
11,AAKASH,Aakash Exploration Services Limited
12,AAREYDRUGS,Aarey Drugs & Pharmaceuticals Limited
13,AARON,Aaron Industries Limited
14,AARTIDRUGS,Aarti Drugs Limited
15,AARTIIND,Aarti Industries Limited
16,AARTIPHARM,Aarti Pharmalabs Limited
17,AARTISURF,Aarti Surfactants Limited
18,AARVEEDEN,Aarvee Denims & Exports Limited
19,AARVI,Aarvi Encon Limited
20,AAVAS,Aavas Financiers Limited
21,ABAN,Aban Offshore Limited
22,ABB,ABB India Limited
23,ABBOTINDIA,Abbott India Limited
24,ABCAPITAL,Aditya Birla Capital Limited
25,ABFRL,Aditya Birla Fashion and Retail Limited
26,ABMINTLLTD,ABM International Limited
27,ABSLAMC,Aditya Birla Sun Life AMC Limited
28,ACC,ACC Limited
29,ACCELYA,Accelya Solutions India Limited
30,ACCURACY,Accuracy Shipping Limited
31,ACE,Action Construction Equipment Limited
32,ACEINTEG,Ace Integrated Solutions Limited
33,ACI,Archean Chemical Industries Limited
34,ADANIENT,Adani Enterprises Limited
35,ADANIGREEN,Adani Green Energy Limited
36,ADANIPORTS,Adani Ports and Special Economic Zone Limited
37,ADANIPOWER,Adani Power Limited
38,ADANITRANS,Adani Transmission Limited
39,ADFFOODS,ADF Foods Limited
40,ADL,Archidply Decor Limited
41,ADORWELD,Ador Welding Limited
42,ADROITINFO,Adroit Infotech Limited
43,ADSL,Allied Digital Services Limited
44,ADVANIHOTR,Advani Hotels & Resorts (India) Limited
45,ADVENZYMES,Advanced Enzyme Technologies Limited
46,AEGISCHEM,Aegis Logistics Limited
47,AETHER,Aether Industries Limited
48,AFFLE,Affle (India) Limited
49,AGARIND,Agarwal Industrial Corporation Limited
50,AGI,AGI Greenpac Limited
51,AGRITECH,Agri-Tech (India) Limited
52,AGROPHOS,Agro Phos India Limited
53,AGSTRA,AGS Transact Technologies Limited
54,AHL,Abans Holdings Limited
55,AHLADA,Ahlada Engineers Limited
56,AHLEAST,Asian Hotels (East) Limited
57,AHLUCONT,Ahluwalia Contracts (India) Limited
58,AIAENG,AIA Engineering Limited
59,AIRAN,Airan Limited
60,AIROLAM,Airo Lam limited
61,AJANTPHARM,Ajanta Pharma Limited
62,AJMERA,Ajmera Realty & Infra India Limited
63,AJOONI,Ajooni Biotech Limited
64,AJRINFRA,AJR INFRA AND TOLLING LIMITED
65,AKASH,Akash Infra-Projects Limited
66,AKG,Akg Exim Limited
67,AKSHAR,Akshar Spintex Limited
68,AKSHARCHEM,AksharChem India Limited
69,AKSHOPTFBR,Aksh Optifibre Limited
70,AKZOINDIA,Akzo Nobel India Limited
71,ALANKIT,Alankit Limited
72,ALBERTDAVD,Albert David Limited
73,ALEMBICLTD,Alembic Limited
74,ALICON,Alicon Castalloy Limited
75,ALKALI,Alkali Metals Limited
76,ALKEM,Alkem Laboratories Limited
77,ALKYLAMINE,Alkyl Amines Chemicals Limited
78,ALLCARGO,Allcargo Logistics Limited
79,ALLSEC,Allsec Technologies Limited
80,ALMONDZ,Almondz Global Securities Limited
81,ALOKINDS,Alok Industries Limited
82,ALPA,Alpa Laboratories Limited
83,ALPHAGEO,Alphageo (India) Limited
84,ALPSINDUS,Alps Industries Limited
85,AMARAJABAT,Amara Raja Batteries Limited
86,AMBER,Amber Enterprises India Limited
87,AMBICAAGAR,Ambica Agarbathies & Aroma industries Limited
88,AMBIKCO,Ambika Cotton Mills Limited
89,AMBUJACEM,Ambuja Cements Limited
90,AMDIND,AMD Industries Limited
91,AMIORG,Ami Organics Limited
92,AMJLAND,Amj Land Holdings Limited
93,AMRUTANJAN,Amrutanjan Health Care Limited
94,ANANDRATHI,Anand Rathi Wealth Limited
95,ANANTRAJ,Anant Raj Limited
96,ANDHRAPAP,ANDHRA PAPER LIMITED
97,ANDHRSUGAR,The Andhra Sugars Limited
98,ANDREWYU,Andrew Yule & Company Limited
99,ANGELONE,Angel One Limited
100,ANIKINDS,Anik Industries Limited
101,ANKITMETAL,Ankit Metal & Power Limited
102,ANMOL,Anmol India Limited
103,ANSALAPI,Ansal Properties & Infrastructure Limited
104,ANTGRAPHIC,Antarctica Limited
105,ANUP,The Anup Engineering Limited
106,ANURAS,Anupam Rasayan India Limited
107,APARINDS,Apar Industries Limited
108,APCL,Anjani Portland Cement Limited
109,APCOTEXIND,Apcotex Industries Limited
110,APEX,Apex Frozen Foods Limited
111,APLAPOLLO,APL Apollo Tubes Limited
112,APLLTD,Alembic Pharmaceuticals Limited
113,APOLLO,Apollo Micro Systems Limited
114,APOLLOHOSP,Apollo Hospitals Enterprise Limited
115,APOLLOPIPE,Apollo Pipes Limited
116,APOLLOTYRE,Apollo Tyres Limited
117,APOLSINHOT,Apollo Sindoori Hotels Limited
118,APTECHT,Aptech Limited
119,APTUS,Aptus Value Housing Finance India Limited
120,ARCHIDPLY,Archidply Industries Limited
121,ARCHIES,Archies Limited
122,ARENTERP,Rajdarshan Industries Limited
123,ARIES,Aries Agro Limited
124,ARIHANTCAP,Arihant Capital Markets Limited
125,ARIHANTSUP,Arihant Superstructures Limited
126,ARMANFIN,Arman Financial Services Limited
127,AROGRANITE,Aro Granite Industries Limited
128,ARROWGREEN,Arrow Greentech Limited
129,ARSHIYA,Arshiya Limited
130,ARSSINFRA,ARSS Infrastructure Projects Limited
131,ARTEMISMED,Artemis Medicare Services Limited
132,ARTNIRMAN,Art Nirman Limited
133,ARVEE,Arvee Laboratories (India) Limited
134,ARVIND,Arvind Limited
135,ARVINDFASN,Arvind Fashions Limited
136,ARVSMART,Arvind SmartSpaces Limited
137,ASAHIINDIA,Asahi India Glass Limited
138,ASAHISONG,Asahi Songwon Colors Limited
139,ASAL,Automotive Stampings and Assemblies Limited
140,ASALCBR,Associated Alcohols & Breweries Ltd.
141,ASHAPURMIN,Ashapura Minechem Limited
142,ASHIANA,Ashiana Housing Limited
143,ASHIMASYN,Ashima Limited
144,ASHOKA,Ashoka Buildcon Limited
145,ASHOKLEY,Ashok Leyland Limited
146,ASIANENE,Asian Energy Services Limited
147,ASIANHOTNR,Asian Hotels (North) Limited
148,ASIANPAINT,Asian Paints Limited
149,ASIANTILES,Asian Granito India Limited
150,ASMS,Bartronics India Limited
151,ASPINWALL,Aspinwall and Company Limited
152,ASTEC,Astec LifeSciences Limited
153,ASTERDM,Aster DM Healthcare Limited
154,ASTRAL,Astral Limited
155,ASTRAMICRO,Astra Microwave Products Limited
156,ASTRAZEN,AstraZeneca Pharma India Limited
157,ASTRON,Astron Paper & Board Mill Limited
158,ATFL,Agro Tech Foods Limited
159,ATGL,Adani Total Gas Limited
160,ATLANTA,Atlanta  Limited
161,ATUL,Atul Limited
162,ATULAUTO,Atul Auto Limited
163,AUBANK,AU Small Finance Bank Limited
164,AURIONPRO,Aurionpro Solutions Limited
165,AUROPHARMA,Aurobindo Pharma Limited
166,AURUM,Aurum PropTech Limited
167,AUSOMENT,Ausom Enterprise Limited
168,AUTOAXLES,Automotive Axles Limited
169,AUTOIND,Autoline Industries Limited
170,AVADHSUGAR,Avadh Sugar & Energy Limited
171,AVANTIFEED,Avanti Feeds Limited
172,AVONMORE,Avonmore Capital & Management Services Limited
173,AVROIND,AVRO INDIA LIMITED
174,AVTNPL,AVT Natural Products Limited
175,AWHCL,Antony Waste Handling Cell Limited
176,AWL,Adani Wilmar Limited
177,AXISBANK,Axis Bank Limited
178,AXISCADES,AXISCADES Technologies Limited
179,AXITA,Axita Cotton Limited
180,AYMSYNTEX,AYM Syntex Limited
181,BAFNAPH,Bafna Pharmaceuticals Limited
182,BAGFILMS,B.A.G Films and Media Limited
183,BAIDFIN,Baid Finserv Limited
184,BAJAJ-AUTO,Bajaj Auto Limited
185,BAJAJCON,Bajaj Consumer Care Limited
186,BAJAJELEC,Bajaj Electricals Limited
187,BAJAJFINSV,Bajaj Finserv Limited
188,BAJAJHCARE,Bajaj Healthcare Limited
189,BAJAJHIND,Bajaj Hindusthan Sugar Limited
190,BAJAJHLDNG,Bajaj Holdings & Investment Limited
191,BAJFINANCE,Bajaj Finance Limited
192,BALAJITELE,Balaji Telefilms Limited
193,BALAMINES,Balaji Amines Limited
194,BALAXI,BALAXI PHARMACEUTICALS LIMITED
195,BALKRISHNA,Balkrishna Paper Mills Limited
196,BALKRISIND,Balkrishna Industries Limited
197,BALLARPUR,Ballarpur Industries Limited
198,BALMLAWRIE,Balmer Lawrie & Company Limited
199,BALPHARMA,Bal Pharma Limited
200,BALRAMCHIN,Balrampur Chini Mills Limited
201,BANARBEADS,Banaras Beads Limited
202,BANARISUG,Bannari Amman Sugars Limited
203,BANCOINDIA,Banco Products (I) Limited
204,BANDHANBNK,Bandhan Bank Limited
205,BANG,Bang Overseas Limited
206,BANKA,Banka BioLoo Limited
207,BANKBARODA,Bank of Baroda
208,BANKINDIA,Bank of India
209,BANSWRAS,Banswara Syntex Limited
210,BARBEQUE,Barbeque Nation Hospitality Limited
211,BASF,BASF India Limited
212,BASML,Bannari Amman Spinning Mills Limited
213,BATAINDIA,Bata India Limited
214,BAYERCROP,Bayer Cropscience Limited
215,BBL,Bharat Bijlee Limited
216,BBOX,Black Box Limited
217,BBTC,Bombay Burmah Trading Corporation Limited
218,BBTCL,B&B Triplewall Containers Limited
219,BCG,Brightcom Group Limited
220,BCLIND,Bcl Industries Limited
221,BCONCEPTS,Brand Concepts Limited
222,BCP,B.C. Power Controls Ltd
223,BDL,Bharat Dynamics Limited
224,BEARDSELL,Beardsell Limited
225,BECTORFOOD,Mrs. Bectors Food Specialities Limited
226,BEDMUTHA,Bedmutha Industries Limited
227,BEL,Bharat Electronics Limited
228,BEML,BEML Limited
229,BEPL,Bhansali Engineering Polymers Limited
230,BERGEPAINT,Berger Paints (I) Limited
231,BESTAGRO,Best Agrolife Limited
232,BFINVEST,BF Investment Limited
233,BFUTILITIE,BF Utilities Limited
234,BGRENERGY,BGR Energy Systems Limited
235,BHAGCHEM,Bhagiradha Chemicals & Industries Limited
236,BHAGERIA,Bhageria Industries Limited
237,BHAGYANGR,Bhagyanagar India Limited
238,BHANDARI,Bhandari Hosiery Exports Limited
239,BHARATFORG,Bharat Forge Limited
240,BHARATGEAR,Bharat Gears Limited
241,BHARATRAS,Bharat Rasayan Limited
242,BHARATWIRE,Bharat Wire Ropes Limited
243,BHARTIARTL,Bharti Airtel Limited
244,BHEL,Bharat Heavy Electricals Limited
245,BIGBLOC,Bigbloc Construction Limited
246,BIKAJI,Bikaji Foods International Limited
247,BIL,Bhartiya International Limited
248,BINDALAGRO,Oswal Chemicals & Fertilizers Limited
249,BIOCON,Biocon Limited
250,BIOFILCHEM,Biofil Chemicals & Pharmaceuticals Limited
251,BIRLACABLE,Birla Cable Limited
252,BIRLACORPN,Birla Corporation Limited
253,BIRLAMONEY,Aditya Birla Money Limited
254,BIRLATYRE,Birla Tyres Limited
255,BKMINDST,Bkm Industries Limited
256,BLBLIMITED,BLB Limited
257,BLISSGVS,Bliss GVS Pharma Limited
258,BLKASHYAP,B. L. Kashyap and Sons Limited
259,BLS,BLS International Services Limited
260,BLUEDART,Blue Dart Express Limited
261,BLUESTARCO,Blue Star Limited
262,BODALCHEM,Bodal Chemicals Limited
263,BOHRAIND,Bohra Industries Limited
264,BOMDYEING,Bombay Dyeing & Mfg Company Limited
265,BOROLTD,Borosil Limited
266,BORORENEW,BOROSIL RENEWABLES LIMITED
267,BOSCHLTD,Bosch Limited
268,BPCL,Bharat Petroleum Corporation Limited
269,BPL,BPL Limited
270,BRIGADE,Brigade Enterprises Limited
271,BRITANNIA,Britannia Industries Limited
272,BRNL,Bharat Road Network Limited
273,BROOKS,Brooks Laboratories Limited
274,BSE,BSE Limited
275,BSHSL,Bombay Super Hybrid Seeds Limited
276,BSL,BSL Limited
277,BSOFT,BIRLASOFT LIMITED
278,BURNPUR,Burnpur Cement Limited
279,BUTTERFLY,Butterfly Gandhimathi Appliances Limited
280,BVCL,Barak Valley Cements Limited
281,BYKE,The Byke Hospitality Ltd
282,CALSOFT,California Software Company Limited
283,CAMLINFINE,Camlin Fine Sciences Limited
284,CAMPUS,Campus Activewear Limited
285,CAMS,Computer Age Management Services Limited
286,CANBK,Canara Bank
287,CANFINHOME,Can Fin Homes Limited
288,CANTABIL,Cantabil Retail India Limited
289,CAPACITE,Capacit'e Infraprojects Limited
290,CAPLIPOINT,Caplin Point Laboratories Limited
291,CAPTRUST,Capital Trust Limited
292,CARBORUNIV,Carborundum Universal Limited
293,CAREERP,Career Point Limited
294,CARERATING,CARE Ratings Limited
295,CARTRADE,Cartrade Tech Limited
296,CARYSIL,CARYSIL LIMITED
297,CASTROLIND,Castrol India Limited
298,CCHHL,Country Club Hospitality & Holidays Limited
299,CCL,CCL Products (India) Limited
300,CDSL,Central Depository Services (India) Limited
301,CEATLTD,CEAT Limited
302,CELEBRITY,Celebrity Fashions Limited
303,CENTENKA,Century Enka Limited
304,CENTEXT,Century Extrusions Limited
305,CENTRALBK,Central Bank of India
306,CENTRUM,Centrum Capital Limited
307,CENTUM,Centum Electronics Limited
308,CENTURYPLY,Century Plyboards (India) Limited
309,CENTURYTEX,Century Textiles & Industries Limited
310,CERA,Cera Sanitaryware Limited
311,CEREBRAINT,Cerebra Integrated Technologies Limited
312,CESC,CESC Limited
313,CGCL,Capri Global Capital Limited
314,CGPOWER,CG Power and Industrial Solutions Limited
315,CHALET,Chalet Hotels Limited
316,CHAMBLFERT,Chambal Fertilizers & Chemicals Limited
317,CHEMBOND,Chembond Chemicals Ltd
318,CHEMCON,Chemcon Speciality Chemicals Limited
319,CHEMFAB,Chemfab Alkalis Limited
320,CHEMPLASTS,Chemplast Sanmar Limited
321,CHENNPETRO,Chennai Petroleum Corporation Limited
322,CHEVIOT,Cheviot Company Limited
323,CHOICEIN,Choice International Limited
324,CHOLAFIN,Cholamandalam Investment and Finance Company Limited
325,CHOLAHLDNG,Cholamandalam Financial Holdings Limited
326,CIGNITITEC,Cigniti Technologies Limited
327,CINELINE,Cineline India Limited
328,CINEVISTA,Cinevista Limited
329,CIPLA,Cipla Limited
330,CLEAN,Clean Science and Technology Limited
331,CLEDUCATE,CL Educate Limited
332,CLNINDIA,Clariant Chemicals (India) Limited
333,CLSEL,Chaman Lal Setia Exports Limited
334,CMICABLES,CMI Limited
335,CMSINFO,CMS Info Systems Limited
336,COALINDIA,Coal India Limited
337,COASTCORP,Coastal Corporation Limited
338,COCHINSHIP,Cochin Shipyard Limited
339,COFFEEDAY,Coffee Day Enterprises Limited
340,COFORGE,Coforge Limited
341,COLPAL,Colgate Palmolive (India) Limited
342,COMPINFO,Compuage Infocom Limited
343,COMPUSOFT,Compucom Software Limited
344,CONCOR,Container Corporation of India Limited
345,CONFIPET,Confidence Petroleum India Limited
346,CONSOFINVT,Consolidated Finvest & Holdings Limited
347,CONTROLPR,Control Print Limited
348,CORALFINAC,Coral India Finance & Housing Limited
349,CORDSCABLE,Cords Cable Industries Limited
350,COROMANDEL,Coromandel International Limited
351,COSMOFIRST,COSMO FIRST LIMITED
352,COUNCODOS,Country Condo's Limited
353,CRAFTSMAN,Craftsman Automation Limited
354,CREATIVE,Creative Newtech Limited
355,CREATIVEYE,Creative Eye Limited
356,CREDITACC,CREDITACCESS GRAMEEN LIMITED
357,CREST,Crest Ventures Limited
358,CRISIL,CRISIL Limited
359,CROMPTON,Crompton Greaves Consumer Electricals Limited
360,CROWN,Crown Lifters Limited
361,CSBBANK,CSB Bank Limited
362,CSLFINANCE,CSL Finance Limited
363,CTE,Cambridge Technology Enterprises Limited
364,CUB,City Union Bank Limited
365,CUBEXTUB,Cubex Tubings Limited
366,CUMMINSIND,Cummins India Limited
367,CUPID,Cupid Limited
368,CYBERMEDIA,Cyber Media (India) Limited
369,CYBERTECH,Cybertech Systems And Software Limited
370,CYIENT,Cyient Limited
371,DAAWAT,LT Foods Limited
372,DABUR,Dabur India Limited
373,DALBHARAT,Dalmia Bharat Limited
374,DALMIASUG,Dalmia Bharat Sugar and Industries Limited
375,DAMODARIND,Damodar Industries Limited
376,DANGEE,Dangee Dums Limited
377,DATAMATICS,Datamatics Global Services Limited
378,DATAPATTNS,Data Patterns (India) Limited
379,DBCORP,D.B.Corp Limited
380,DBL,Dilip Buildcon Limited
381,DBOL,Dhampur Bio Organics Limited
382,DBREALTY,D B Realty Limited
383,DBSTOCKBRO,DB (International) Stock Brokers Limited
384,DCAL,Dishman Carbogen Amcis Limited
385,DCBBANK,DCB Bank Limited
386,DCI,Dc Infotech And Communication Limited
387,DCM,DCM  Limited
388,DCMFINSERV,DCM Financial Services Limited
389,DCMNVL,DCM Nouvelle Limited
390,DCMSHRIRAM,DCM Shriram Limited
391,DCMSRIND,DCM Shriram Industries Limited
392,DCW,DCW Limited
393,DCXINDIA,DCX Systems Limited
394,DECCANCE,Deccan Cements Limited
395,DEEPAKFERT,Deepak Fertilizers and Petrochemicals Corporation Limited
396,DEEPAKNTR,Deepak Nitrite Limited
397,DEEPENR,DEEP ENERGY RESOURCES LIMITED
398,DEEPINDS,Deep Industries Limited
399,DELHIVERY,Delhivery Limited
400,DELPHIFX,DELPHI WORLD MONEY LIMITED
401,DELTACORP,Delta Corp Limited
402,DELTAMAGNT,Delta Manufacturing Limited
403,DEN,Den Networks Limited
404,DENORA,De Nora India Limited
405,DEVIT,Dev Information Technology Limited
406,DEVYANI,Devyani International Limited
407,DFMFOODS,DFM Foods Limited
408,DGCONTENT,Digicontent Limited
409,DHAMPURSUG,Dhampur Sugar Mills Limited
410,DHANBANK,Dhanlaxmi Bank Limited
411,DHANI,Dhani Services Limited
412,DHANUKA,Dhanuka Agritech Limited
413,DHARMAJ,Dharmaj Crop Guard Limited
414,DHARSUGAR,Dharani Sugars&Chemicals Limited
415,DHRUV,Dhruv Consultancy Services Limited
416,DHUNINV,Dhunseri Investments Limited
417,DIAMONDYD,Prataap Snacks Limited
418,DICIND,DIC India Limited
419,DIGISPICE,DiGiSPICE Technologies Limited
420,DIGJAMLMTD,Digjam Limited
421,DIL,Debock Industries Limited
422,DISHTV,Dish TV India Limited
423,DIVISLAB,Divi's Laboratories Limited
424,DIXON,Dixon Technologies (India) Limited
425,DJML,DJ Mediaprint & Logistics Limited
426,DLF,DLF Limited
427,DLINKINDIA,D-Link (India) Limited
428,DMART,Avenue Supermarts Limited
429,DMCC,DMCC SPECIALITY CHEMICALS LIMITED
430,DNAMEDIA,Diligent Media Corporation Limited
431,DODLA,Dodla Dairy Limited
432,DOLATALGO,Dolat Algotech Limited
433,DOLLAR,Dollar Industries Limited
434,DONEAR,Donear Industries Limited
435,DPABHUSHAN,D. P. Abhushan Limited
436,DPSCLTD,DPSC Limited
437,DPWIRES,D P Wires Limited
438,DREAMFOLKS,Dreamfolks Services Limited
439,DREDGECORP,Dredging Corporation of India Limited
440,DRREDDY,Dr. Reddy's Laboratories Limited
441,DSSL,Dynacons Systems & Solutions Limited
442,DTIL,Dhunseri Tea & Industries Limited
443,DUCON,Ducon Infratechnologies Limited
444,DVL,Dhunseri Ventures Limited
445,DWARKESH,Dwarikesh Sugar Industries Limited
446,DYCL,Dynamic Cables Limited
447,DYNAMATECH,Dynamatic Technologies Limited
448,DYNPRO,Dynemic Products Limited
449,E2E,E2E Networks Limited
450,EASEMYTRIP,Easy Trip Planners Limited
451,EASTSILK,Eastern Silk Industries Limited
452,ECLERX,eClerx Services Limited
453,EDELWEISS,Edelweiss Financial Services Limited
454,EDUCOMP,Educomp Solutions Limited
455,EICHERMOT,Eicher Motors Limited
456,EIDPARRY,EID Parry India Limited
457,EIFFL,Euro India Fresh Foods Limited
458,EIHAHOTELS,EIH Associated Hotels Limited
459,EIHOTEL,EIH Limited
460,EIMCOELECO,Eimco Elecon (India) Limited
461,EKC,Everest Kanto Cylinder Limited
462,ELDEHSG,Eldeco Housing And Industries Limited
463,ELECON,Elecon Engineering Company Limited
464,ELECTCAST,Electrosteel Castings Limited
465,ELECTHERM,Electrotherm (India) Limited
466,ELGIEQUIP,Elgi Equipments Limited
467,ELGIRUBCO,Elgi Rubber Company Limited
468,ELIN,Elin Electronics Limited
469,EMAMILTD,Emami Limited
470,EMAMIPAP,Emami Paper Mills Limited
471,EMAMIREAL,Emami Realty Limited
472,EMIL,Electronics Mart India Limited
473,EMKAY,Emkay Global Financial Services Limited
474,EMMBI,Emmbi Industries Limited
475,EMUDHRA,eMudhra Limited
476,ENDURANCE,Endurance Technologies Limited
477,ENERGYDEV,Energy Development Company Limited
478,ENGINERSIN,Engineers India Limited
479,ENIL,Entertainment Network (India) Limited
480,EPL,EPL Limited
481,EQUIPPP,Equippp Social Impact Technologies Limited
482,EQUITASBNK,Equitas Small Finance Bank Limited
483,ERIS,Eris Lifesciences Limited
484,EROSMEDIA,Eros International Media Limited
485,ESABINDIA,Esab India Limited
486,ESCORTS,Escorts Kubota Limited
487,ESSARSHPNG,Essar Shipping Limited
488,ESSENTIA,Integra Essentia Limited
489,ESTER,Ester Industries Limited
490,ETHOSLTD,Ethos Limited
491,EVEREADY,Eveready Industries India Limited
492,EVERESTIND,Everest Industries Limited
493,EXCEL,Excel Realty N Infra Limited
494,EXCELINDUS,Excel Industries Limited
495,EXIDEIND,Exide Industries Limited
496,EXPLEOSOL,Expleo Solutions Limited
497,EXXARO,Exxaro Tiles Limited
498,FACT,Fertilizers and Chemicals Travancore Limited
499,FAIRCHEMOR,Fairchem Organics Limited
500,FAZE3Q,Faze Three Limited
501,FCL,Fineotex Chemical Limited
502,FCONSUMER,Future Consumer Limited
503,FCSSOFT,FCS Software Solutions Limited
504,FDC,FDC Limited
505,FEDERALBNK,The Federal Bank  Limited
506,FEL,Future Enterprises Limited
507,FELDVR,Future Enterprises Limited
508,FIBERWEB,Fiberweb (India) Limited
509,FIEMIND,Fiem Industries Limited
510,FILATEX,Filatex India Limited
511,FINCABLES,Finolex Cables Limited
512,FINEORG,Fine Organic Industries Limited
513,FINOPB,Fino Payments Bank Limited
514,FINPIPE,Finolex Industries Limited
515,FIVESTAR,Five-Star Business Finance Limited
516,FLEXITUFF,Flexituff Ventures International Limited
517,FLFL,Future Lifestyle Fashions Limited
518,FLUOROCHEM,Gujarat Fluorochemicals Limited
519,FMGOETZE,Federal-Mogul Goetze (India) Limited.
520,FMNL,Future Market Networks Limited
521,FOCUS,Focus Lighting and Fixtures Limited
522,FOODSIN,Foods & Inns Limited
523,FORCEMOT,FORCE MOTORS LTD
524,FORTIS,Fortis Healthcare Limited
525,FOSECOIND,Foseco India Limited
526,FSC,Future Supply Chain Solutions Limited
527,FSL,Firstsource Solutions Limited
528,FUSION,Fusion Micro Finance Limited
529,GABRIEL,Gabriel India Limited
530,GAEL,Gujarat Ambuja Exports Limited
531,GAIL,GAIL (India) Limited
532,GAL,Gyscoal Alloys Limited
533,GALAXYSURF,Galaxy Surfactants Limited
534,GALLANTT,Gallantt Ispat Limited
535,GANDHITUBE,Gandhi Special Tubes Limited
536,GANECOS,Ganesha Ecosphere Limited
537,GANESHBE,Ganesh Benzoplast Limited
538,GANESHHOUC,Ganesh Housing Corporation Limited
539,GANGAFORGE,Ganga Forging Limited
540,GANGESSECU,Ganges Securities Limited
541,GARFIBRES,Garware Technical Fibres Limited
542,GATEWAY,Gateway Distriparks Limited
543,GATI,GATI Limited
544,GAYAHWS,Gayatri Highways Limited
545,GAYAPROJ,Gayatri Projects Limited
546,GEECEE,GeeCee Ventures Limited
547,GEEKAYWIRE,Geekay Wires Limited
548,GENCON,Generic Engineering Construction and Projects Limited
549,GENESYS,Genesys International Corporation Limited
550,GENUSPAPER,Genus Paper & Boards Limited
551,GENUSPOWER,Genus Power Infrastructures Limited
552,GEOJITFSL,Geojit Financial Services Limited
553,GEPIL,GE Power India Limited
554,GESHIP,The Great Eastern Shipping Company Limited
555,GET&D,GE T&D India Limited
556,GFLLIMITED,GFL Limited
557,GHCL,GHCL Limited
558,GICHSGFIN,GIC Housing Finance Limited
559,GICRE,General Insurance Corporation of India
560,GILLANDERS,Gillanders Arbuthnot & Company Limited
561,GILLETTE,Gillette India Limited
562,GINNIFILA,Ginni Filaments Limited
563,GIPCL,Gujarat Industries Power Company Limited
564,GKWLIMITED,GKW Limited
565,GLAND,Gland Pharma Limited
566,GLAXO,GlaxoSmithKline Pharmaceuticals Limited
567,GLENMARK,Glenmark Pharmaceuticals Limited
568,GLFL,Gujarat Lease Financing Limited
569,GLOBAL,Global Education Limited
570,GLOBALVECT,Global Vectra Helicorp Limited
571,GLOBE,Globe Textiles (India) Limited
572,GLOBUSSPR,Globus Spirits Limited
573,GLS,Glenmark Life Sciences Limited
574,GMBREW,GM Breweries Limited
575,GMDCLTD,Gujarat Mineral Development Corporation Limited
576,GMMPFAUDLR,GMM Pfaudler Limited
577,GMRINFRA,GMR Airports Infrastructure Limited
578,GMRP&UI,GMR Power and Urban Infra Limited
579,GNA,GNA Axles Limited
580,GNFC,Gujarat Narmada Valley Fertilizers and Chemicals Limited
581,GOACARBON,Goa Carbon Limited
582,GOCLCORP,GOCL Corporation Limited
583,GOCOLORS,Go Fashion (India) Limited
584,GODFRYPHLP,Godfrey Phillips India Limited
585,GODHA,Godha Cabcon & Insulation Limited
586,GODREJAGRO,Godrej Agrovet Limited
587,GODREJCP,Godrej Consumer Products Limited
588,GODREJIND,Godrej Industries Limited
589,GODREJPROP,Godrej Properties Limited
590,GOENKA,Goenka Diamond and Jewels Limited
591,GOKEX,Gokaldas Exports Limited
592,GOKUL,Gokul Refoils and Solvent Limited
593,GOKULAGRO,Gokul Agro Resources Limited
594,GOLDENTOBC,Golden Tobacco Limited
595,GOLDIAM,Goldiam International Limited
596,GOLDTECH,Goldstone Technologies Limited
597,GOODLUCK,Goodluck India Limited
598,GOODYEAR,Goodyear India Limited
599,GOYALALUM,Goyal Aluminiums Limited
600,GPIL,Godawari Power And Ispat limited
601,GPPL,Gujarat Pipavav Port Limited
602,GPTINFRA,GPT Infraprojects Limited
603,GRANULES,Granules India Limited
604,GRAPHITE,Graphite India Limited
605,GRASIM,Grasim Industries Limited
606,GRAUWEIL,Grauer & Weil (India) Limited
607,GRAVITA,Gravita India Limited
608,GREAVESCOT,Greaves Cotton Limited
609,GREENLAM,Greenlam Industries Limited
610,GREENPANEL,Greenpanel Industries Limited
611,GREENPLY,Greenply Industries Limited
612,GREENPOWER,Orient Green Power Company Limited
613,GRINDWELL,Grindwell Norton Limited
614,GRINFRA,G R Infraprojects Limited
615,GRMOVER,GRM Overseas Limited
616,GROBTEA,The Grob Tea Company Limited
617,GRPLTD,GRP Limited
618,GRSE,Garden Reach Shipbuilders & Engineers Limited
619,GRWRHITECH,Garware Hi-Tech Films Limited
620,GSCLCEMENT,Gujarat Sidhee Cement Limited
621,GSFC,Gujarat State Fertilizers & Chemicals Limited
622,GSPL,Gujarat State Petronet Limited
623,GSS,GSS Infotech Limited
624,GTL,GTL Limited
625,GTLINFRA,GTL Infrastructure Limited
626,GTPL,GTPL Hathway Limited
627,GUFICBIO,Gufic Biosciences Limited
628,GUJALKALI,Gujarat Alkalies and Chemicals Limited
629,GUJAPOLLO,Gujarat Apollo Industries Limited
630,GUJGASLTD,Gujarat Gas Limited
631,GUJRAFFIA,Gujarat Raffia Industries Limited
632,GULFOILLUB,Gulf Oil Lubricants India Limited
633,GULFPETRO,GP Petroleums Limited
634,GULPOLY,Gulshan Polyols Limited
635,GVKPIL,GVK Power & Infrastructure Limited
636,HAL,Hindustan Aeronautics Limited
637,HAPPSTMNDS,Happiest Minds Technologies Limited
638,HARDWYN,Hardwyn India Limited
639,HARIOMPIPE,Hariom Pipe Industries Limited
640,HARRMALAYA,Harrisons  Malayalam Limited
641,HARSHA,Harsha Engineers International Limited
642,HATHWAY,Hathway Cable & Datacom Limited
643,HATSUN,Hatsun Agro Product Limited
644,HAVELLS,Havells India Limited
645,HAVISHA,Sri Havisha Hospitality and Infrastructure Limited
646,HBLPOWER,HBL Power Systems Limited
647,HBSL,HB Stockholdings Limited
648,HCC,Hindustan Construction Company Limited
649,HCG,Healthcare Global Enterprises Limited
650,HCL-INSYS,HCL Infosystems Limited
651,HCLTECH,HCL Technologies Limited
652,HDFC,Housing Development Finance Corporation Limited
653,HDFCAMC,HDFC Asset Management Company Limited
654,HDFCBANK,HDFC Bank Limited
655,HDFCLIFE,HDFC Life Insurance Company Limited
656,HDIL,Housing Development and Infrastructure Limited
657,HEADSUP,Heads UP Ventures Limited
658,HECPROJECT,HEC Infra Projects Limited
659,HEG,HEG Limited
660,HEIDELBERG,HeidelbergCement India Limited
661,HEMIPROP,Hemisphere Properties India Limited
662,HERANBA,Heranba Industries Limited
663,HERCULES,Hercules Hoists Limited
664,HERITGFOOD,Heritage Foods Limited
665,HEROMOTOCO,Hero MotoCorp Limited
666,HESTERBIO,Hester Biosciences Limited
667,HEXATRADEX,Hexa Tradex Limited
668,HFCL,HFCL Limited
669,HGINFRA,H.G. Infra Engineering Limited
670,HGS,Hinduja Global Solutions Limited
671,HIKAL,Hikal Limited
672,HIL,HIL Limited
673,HILTON,Hilton Metal Forging Limited
674,HIMATSEIDE,Himatsingka Seide Limited
675,HINDALCO,Hindalco Industries Limited
676,HINDCOMPOS,Hindustan Composites Limited
677,HINDCON,Hindcon Chemicals Limited
678,HINDCOPPER,Hindustan Copper Limited
679,HINDMOTORS,Hindustan Motors Limited
680,HINDNATGLS,Hindusthan National Glass & Industries Limited
681,HINDOILEXP,Hindustan Oil Exploration Company Limited
682,HINDPETRO,Hindustan Petroleum Corporation Limited
683,HINDUNILVR,Hindustan Unilever Limited
684,HINDWAREAP,Hindware Home Innovation Limited
685,HINDZINC,Hindustan Zinc Limited
686,HIRECT,Hind Rectifiers Limited
687,HISARMETAL,Hisar Metal Industries Limited
688,HITECH,Hi-Tech Pipes Limited
689,HITECHCORP,Hitech Corporation Limited
690,HITECHGEAR,The Hi-Tech Gears Limited
691,HLEGLAS,HLE Glascoat Limited
692,HLVLTD,HLV LIMITED
693,HMT,HMT Limited
694,HMVL,Hindustan Media Ventures Limited
695,HNDFDS,Hindustan Foods Limited
696,HOMEFIRST,Home First Finance Company India Limited
697,HONAUT,Honeywell Automation India Limited
698,HONDAPOWER,Honda India Power Products Limited
699,HOVS,HOV Services Limited
700,HPAL,HP Adhesives Limited
701,HPIL,Hindprakash Industries Limited
702,HPL,HPL Electric & Power Limited
703,HSCL,Himadri Speciality Chemical Limited
704,HTMEDIA,HT Media Limited
705,HUBTOWN,Hubtown Limited
706,HUDCO,Housing & Urban Development Corporation Limited
707,HUHTAMAKI,Huhtamaki India Limited
708,HYBRIDFIN,Hybrid Financial Services Limited
709,IBREALEST,Indiabulls Real Estate Limited
710,IBULHSGFIN,Indiabulls Housing Finance Limited
711,ICDSLTD,ICDS Limited
712,ICEMAKE,Ice Make Refrigeration Limited
713,ICICIBANK,ICICI Bank Limited
714,ICICIGI,ICICI Lombard General Insurance Company Limited
715,ICICIPRULI,ICICI Prudential Life Insurance Company Limited
716,ICIL,Indo Count Industries Limited
717,ICRA,ICRA Limited
718,IDBI,IDBI Bank Limited
719,IDEA,Vodafone Idea Limited
720,IDFC,IDFC Limited
721,IDFCFIRSTB,IDFC First Bank Limited
722,IEL,Indiabulls Enterprises Limited
723,IEX,Indian Energy Exchange Limited
724,IFBAGRO,IFB Agro Industries Limited
725,IFBIND,IFB Industries Limited
726,IFCI,IFCI Limited
727,IFGLEXPOR,IFGL Refractories Limited
728,IGARASHI,Igarashi Motors India Limited
729,IGL,Indraprastha Gas Limited
730,IGPL,IG Petrochemicals Limited
731,IIFL,IIFL Finance Limited
732,IIFLSEC,IIFL Securities Limited
733,IITL,Industrial Investment Trust Limited
734,IL&FSENGG,IL&FS Engineering and Construction Company Limited
735,IL&FSTRANS,IL&FS Transportation Networks Limited
736,IMAGICAA,Imagicaaworld Entertainment Limited
737,IMFA,Indian Metals & Ferro Alloys Limited
738,IMPAL,India Motor Parts and Accessories Limited
739,IMPEXFERRO,Impex Ferro Tech Limited
740,INCREDIBLE,INCREDIBLE INDUSTRIES LIMITED
741,INDBANK,Indbank Merchant Banking Services Limited
742,INDHOTEL,The Indian Hotels Company Limited
743,INDIACEM,The India Cements Limited
744,INDIAGLYCO,India Glycols Limited
745,INDIAMART,Indiamart Intermesh Limited
746,INDIANB,Indian Bank
747,INDIANCARD,Indian Card Clothing Company Limited
748,INDIANHUME,Indian Hume Pipe Company Limited
749,INDIGO,InterGlobe Aviation Limited
750,INDIGOPNTS,Indigo Paints Limited
751,INDLMETER,IMP Powers Limited
752,INDNIPPON,India Nippon Electricals Limited
753,INDOAMIN,Indo Amines Limited
754,INDOBORAX,Indo Borax & Chemicals Limited
755,INDOCO,Indoco Remedies Limited
756,INDORAMA,Indo Rama Synthetics (India) Limited
757,INDOSTAR,IndoStar Capital Finance Limited
758,INDOTECH,Indo Tech Transformers Limited
759,INDOTHAI,Indo Thai Securities Limited
760,INDOWIND,Indowind Energy Limited
761,INDRAMEDCO,Indraprastha Medical Corporation Limited
762,INDSWFTLAB,Ind-Swift Laboratories Limited
763,INDSWFTLTD,Ind-Swift Limited
764,INDTERRAIN,Indian Terrain Fashions Limited
765,INDUSINDBK,IndusInd Bank Limited
766,INDUSTOWER,Indus Towers Limited
767,INFIBEAM,Infibeam Avenues Limited
768,INFOBEAN,InfoBeans Technologies Limited
769,INFOMEDIA,Infomedia Press Limited
770,INFY,Infosys Limited
771,INGERRAND,Ingersoll Rand (India) Limited
772,INOXGREEN,Inox Green Energy Services Limited
773,INOXLEISUR,INOX Leisure Limited
774,INOXWIND,Inox Wind Limited
775,INSECTICID,Insecticides (India) Limited
776,INSPIRISYS,Inspirisys Solutions Limited
777,INTELLECT,Intellect Design Arena Limited
778,INTENTECH,Intense Technologies Limited
779,INTLCONV,International Conveyors Limited
780,INVENTURE,Inventure Growth & Securities Limited
781,IOB,Indian Overseas Bank
782,IOC,Indian Oil Corporation Limited
783,IOLCP,IOL Chemicals and Pharmaceuticals Limited
784,IONEXCHANG,ION Exchange (India) Limited
785,IPCALAB,IPCA Laboratories Limited
786,IPL,India Pesticides Limited
787,IRB,IRB Infrastructure Developers Limited
788,IRCON,Ircon International Limited
789,IRCTC,Indian Railway Catering And Tourism Corporation Limited
790,IRFC,Indian Railway Finance Corporation Limited
791,IRIS,Iris Business Services Limited
792,IRISDOREME,Iris Clothings Limited
793,ISEC,ICICI Securities Limited
794,ISFT,Intrasoft Technologies Limited
795,ISGEC,Isgec Heavy Engineering Limited
796,ISMTLTD,ISMT Limited
797,ITC,ITC Limited
798,ITDC,India Tourism Development Corporation Limited
799,ITDCEM,ITD Cementation India Limited
800,ITI,ITI Limited
801,IVC,IL&FS Investment Managers Limited
802,IVP,IVP Limited
803,IWEL,Inox Wind Energy Limited
804,IZMO,IZMO Limited
805,J&KBANK,The Jammu & Kashmir Bank Limited
806,JAGRAN,Jagran Prakashan Limited
807,JAGSNPHARM,Jagsonpal Pharmaceuticals Limited
808,JAIBALAJI,Jai Balaji Industries Limited
809,JAICORPLTD,Jai Corp Limited
810,JAIPURKURT,Nandani Creation Limited
811,JAMNAAUTO,Jamna Auto Industries Limited
812,JASH,Jash Engineering Limited
813,JAYAGROGN,Jayant Agro Organics Limited
814,JAYBARMARU,Jay Bharat Maruti Limited
815,JAYNECOIND,Jayaswal Neco Industries Limited
816,JAYSREETEA,Jayshree Tea & Industries Limited
817,JBCHEPHARM,JB Chemicals & Pharmaceuticals Limited
818,JBFIND,JBF Industries Limited
819,JBMA,JBM Auto Limited
820,JCHAC,Johnson Controls - Hitachi Air Conditioning India Limited
821,JETAIRWAYS,Jet Airways (India) Limited
822,JETFREIGHT,Jet Freight Logistics Limited
823,JHS,JHS Svendgaard Laboratories Limited
824,JINDALPHOT,Jindal Photo Limited
825,JINDALPOLY,Jindal Poly Films Limited
826,JINDALSAW,Jindal Saw Limited
827,JINDALSTEL,Jindal Steel & Power Limited
828,JINDRILL,Jindal Drilling And Industries Limited
829,JINDWORLD,Jindal Worldwide Limited
830,JISLDVREQS,Jain Irrigation Systems Limited
831,JISLJALEQS,Jain Irrigation Systems Limited
832,JITFINFRA,JITF Infralogistics Limited
833,JKCEMENT,JK Cement Limited
834,JKIL,J.Kumar Infraprojects Limited
835,JKLAKSHMI,JK Lakshmi Cement Limited
836,JKPAPER,JK Paper Limited
837,JKTYRE,JK Tyre & Industries Limited
838,JMA,Jullundur Motor Agency (Delhi) Limited
839,JMFINANCIL,JM Financial Limited
840,JOCIL,Jocil Limited
841,JPASSOCIAT,Jaiprakash Associates Limited
842,JPINFRATEC,Jaypee Infratech Limited
843,JPOLYINVST,Jindal Poly Investment and Finance Company Limited
844,JPPOWER,Jaiprakash Power Ventures Limited
845,JSL,Jindal Stainless Limited
846,JSLHISAR,Jindal Stainless (Hisar) Limited
847,JSWENERGY,JSW Energy Limited
848,JSWHL,JSW Holdings Limited
849,JSWISPL,JSW Ispat Special Products Limited
850,JSWSTEEL,JSW Steel Limited
851,JTEKTINDIA,Jtekt India Limited
852,JTLIND,JTL INDUSTRIES LIMITED
853,JUBLFOOD,Jubilant Foodworks Limited
854,JUBLINDS,Jubilant Industries Limited
855,JUBLINGREA,Jubilant Ingrevia Limited
856,JUBLPHARMA,Jubilant Pharmova Limited
857,JUSTDIAL,Just Dial Limited
858,JWL,Jupiter Wagons Limited
859,JYOTHYLAB,Jyothy Labs Limited
860,JYOTISTRUC,Jyoti Structures Limited
861,KABRAEXTRU,Kabra Extrusion Technik Limited
862,KAJARIACER,Kajaria Ceramics Limited
863,KAKATCEM,Kakatiya Cement Sugar & Industries Limited
864,KALPATPOWR,Kalpataru Power Transmission Limited
865,KALYANI,Kalyani Commercials Limited
866,KALYANIFRG,Kalyani Forge Limited
867,KALYANKJIL,Kalyan Jewellers India Limited
868,KAMATHOTEL,Kamat Hotels (I) Limited
869,KAMDHENU,Kamdhenu Limited
870,KAMOPAINTS,Kamdhenu Ventures Limited
871,KANANIIND,Kanani Industries Limited
872,KANORICHEM,Kanoria Chemicals & Industries Limited
873,KANPRPLA,Kanpur Plastipack Limited
874,KANSAINER,Kansai Nerolac Paints Limited
875,KAPSTON,Kapston Services Limited
876,KARMAENG,Karma Energy Limited
877,KARURVYSYA,Karur Vysya Bank Limited
878,KAUSHALYA,Kaushalya Infrastructure Development Corporation Limited
879,KAVVERITEL,Kavveri Telecom Products Limited
880,KAYA,Kaya Limited
881,KAYNES,Kaynes Technology India Limited
882,KBCGLOBAL,KBC Global Limited
883,KCP,KCP Limited
884,KCPSUGIND,KCP Sugar and Industries Corporation Limited
885,KDDL,KDDL Limited
886,KEC,KEC International Limited
887,KECL,Kirloskar Electric Company Limited
888,KEEPLEARN,DSJ Keep Learning Limited
889,KEI,KEI Industries Limited
890,KELLTONTEC,Kellton Tech Solutions Limited
891,KENNAMET,Kennametal India Limited
892,KERNEX,Kernex Microsystems (India) Limited
893,KESORAMIND,Kesoram Industries Limited
894,KEYFINSERV,Keynote Financial Services Limited
895,KFINTECH,Kfin Technologies Limited
896,KHADIM,Khadim India Limited
897,KHAICHEM,Khaitan Chemicals & Fertilizers Limited
898,KHAITANLTD,Khaitan (India) Limited
899,KHANDSE,Khandwala Securities Limited
900,KICL,Kalyani Investment Company Limited
901,KILITCH,Kilitch Drugs (India) Limited
902,KIMS,Krishna Institute of Medical Sciences Limited
903,KINGFA,Kingfa Science & Technology (India) Limited
904,KIOCL,KIOCL Limited
905,KIRIINDUS,Kiri Industries Limited
906,KIRLFER,Kirloskar Ferrous Industries Ltd
907,KIRLOSBROS,Kirloskar Brothers Limited
908,KIRLOSENG,Kirloskar Oil Engines Limited
909,KIRLOSIND,Kirloskar Industries Limited
910,KITEX,Kitex Garments Limited
911,KKCL,Kewal Kiran Clothing Limited
912,KMSUGAR,K.M.Sugar Mills Limited
913,KNRCON,KNR Constructions Limited
914,KOHINOOR,Kohinoor Foods Limited
915,KOKUYOCMLN,Kokuyo Camlin Limited
916,KOLTEPATIL,Kolte - Patil Developers Limited
917,KOPRAN,Kopran Limited
918,KOTAKBANK,Kotak Mahindra Bank Limited
919,KOTARISUG,Kothari Sugars And Chemicals Limited
920,KOTHARIPET,Kothari Petrochemicals Limited
921,KOTHARIPRO,Kothari Products Limited
922,KOVAI,Kovai Medical Center and Hospital Limited
923,KPIGREEN,KPI Green Energy Limited
924,KPITTECH,KPIT Technologies Limited
925,KPRMILL,K.P.R. Mill Limited
926,KRBL,KRBL Limited
927,KREBSBIO,Krebs Biochemicals and Industries Limited
928,KRIDHANINF,Kridhan Infra Limited
929,KRISHANA,Krishana Phoschem Limited
930,KRITI,Kriti Industries (India) Limited
931,KRITIKA,Kritika Wires Limited
932,KRITINUT,Kriti Nutrients Limited
933,KRSNAA,Krsnaa Diagnostics Limited
934,KSB,Ksb Limited
935,KSCL,Kaveri Seed Company Limited
936,KSHITIJPOL,Kshitij Polyline Limited
937,KSL,Kalyani Steels Limited
938,KSOLVES,Ksolves India Limited
939,KTKBANK,The Karnataka Bank Limited
940,KUANTUM,Kuantum Papers Limited
941,L&TFH,L&T Finance Holdings Limited
942,LAGNAM,Lagnam Spintex Limited
943,LAKPRE,Lakshmi Precision Screws Limited
944,LALPATHLAB,Dr. Lal Path Labs Ltd.
945,LAMBODHARA,Lambodhara Textiles Limited
946,LANCER,Lancer Container Lines Limited
947,LANDMARK,Landmark Cars Limited
948,LAOPALA,La Opala RG Limited
949,LASA,Lasa Supergenerics Limited
950,LATENTVIEW,Latent View Analytics Limited
951,LAURUSLABS,Laurus Labs Limited
952,LAXMICOT,Laxmi Cotspin Limited
953,LAXMIMACH,Lakshmi Machine Works Limited
954,LCCINFOTEC,LCC Infotech Limited
955,LEMONTREE,Lemon Tree Hotels Limited
956,LFIC,Lakshmi Finance & Industrial Corporation Limited
957,LGBBROSLTD,LG Balakrishnan & Bros Limited
958,LGBFORGE,LGB Forge Limited
959,LIBAS,Libas Consumer Products Limited
960,LIBERTSHOE,Liberty Shoes Limited
961,LICHSGFIN,LIC Housing Finance Limited
962,LICI,Life Insurance Corporation Of India
963,LIKHITHA,Likhitha Infrastructure Limited
964,LINC,Linc Limited
965,LINCOLN,Lincoln Pharmaceuticals Limited
966,LINDEINDIA,Linde India Limited
967,LODHA,Macrotech Developers Limited
968,LOKESHMACH,Lokesh Machines Limited
969,LOTUSEYE,Lotus Eye Hospital and Institute Limited
970,LOVABLE,Lovable Lingerie Limited
971,LOYALTEX,Loyal Textile Mills Limited
972,LPDC,Landmark Property Development Company Limited
973,LSIL,Lloyds Steels Industries Limited
974,LT,Larsen & Toubro Limited
975,LTIM,LTIMindtree Limited
976,LTTS,L&T Technology Services Limited
977,LUMAXIND,Lumax Industries Limited
978,LUMAXTECH,Lumax Auto Technologies Limited
979,LUPIN,Lupin Limited
980,LUXIND,Lux Industries Limited
981,LXCHEM,Laxmi Organic Industries Limited
982,LYKALABS,Lyka Labs Limited
983,LYPSAGEMS,Lypsa Gems & Jewellery Limited
984,M&M,Mahindra & Mahindra Limited
985,M&MFIN,Mahindra & Mahindra Financial Services Limited
986,MAANALU,Maan Aluminium Limited
987,MACPOWER,Macpower CNC Machines Limited
988,MADHAV,Madhav Marbles and Granites Limited
989,MADHUCON,Madhucon Projects Limited
990,MADRASFERT,Madras Fertilizers Limited
991,MAGADSUGAR,Magadh Sugar & Energy Limited
992,MAGNUM,Magnum Ventures Limited
993,MAHABANK,Bank of Maharashtra
994,MAHAPEXLTD,Maha Rashtra Apex Corporation Limited
995,MAHASTEEL,Mahamaya Steel Industries Limited
996,MAHEPC,Mahindra EPC Irrigation Limited
997,MAHESHWARI,Maheshwari Logistics Limited
998,MAHINDCIE,Mahindra CIE Automotive Limited
999,MAHLIFE,Mahindra Lifespace Developers Limited
1000,MAHLOG,Mahindra Logistics Limited
1001,MAHSCOOTER,Maharashtra Scooters Limited
1002,MAHSEAMLES,Maharashtra Seamless Limited
1003,MAITHANALL,Maithan Alloys Limited
1004,MALLCOM,Mallcom (India) Limited
1005,MALUPAPER,Malu Paper Mills Limited
1006,MANAKALUCO,Manaksia Aluminium Company Limited
1007,MANAKCOAT,Manaksia Coated Metals & Industries Limited
1008,MANAKSIA,Manaksia Limited
1009,MANAKSTEEL,Manaksia Steels Limited
1010,MANALIPETC,Manali Petrochemicals Limited
1011,MANAPPURAM,Manappuram Finance Limited
1012,MANGALAM,Mangalam Drugs And Organics Limited
1013,MANGCHEFER,Mangalore Chemicals & Fertilizers Limited
1014,MANGLMCEM,Mangalam Cement Limited
1015,MANINDS,Man Industries (India) Limited
1016,MANINFRA,Man Infraconstruction Limited
1017,MANOMAY,Manomay Tex India Limited
1018,MANORAMA,Manorama Industries Limited
1019,MANORG,Mangalam Organics Limited
1020,MANUGRAPH,Manugraph India Limited
1021,MANYAVAR,Vedant Fashions Limited
1022,MAPMYINDIA,C.E. Info Systems Limited
1023,MARALOVER,Maral Overseas Limited
1024,MARATHON,Marathon Nextgen Realty Limited
1025,MARICO,Marico Limited
1026,MARINE,Marine Electricals (India) Limited
1027,MARKSANS,Marksans Pharma Limited
1028,MARSHALL,Marshall Machines Limited
1029,MARUTI,Maruti Suzuki India Limited
1030,MASFIN,MAS Financial Services Limited
1031,MASKINVEST,Mask Investments Limited
1032,MASTEK,Mastek Limited
1033,MATRIMONY,Matrimony.Com Limited
1034,MAWANASUG,Mawana Sugars Limited
1035,MAXHEALTH,Max Healthcare Institute Limited
1036,MAXIND,Max India Limited
1037,MAXVIL,Max Ventures and Industries Limited
1038,MAYURUNIQ,Mayur Uniquoters Ltd
1039,MAZDA,Mazda Limited
1040,MAZDOCK,Mazagon Dock Shipbuilders Limited
1041,MBAPL,Madhya Bharat Agro Products Limited
1042,MBLINFRA,MBL Infrastructure Limited
1043,MCDOWELL-N,United Spirits Limited
1044,MCL,Madhav Copper Limited
1045,MCLEODRUSS,Mcleod Russel India Limited
1046,MCX,Multi Commodity Exchange of India Limited
1047,MEDANTA,Global Health Limited
1048,MEDICAMEQ,Medicamen Biotech Limited
1049,MEDICO,Medico Remedies Limited
1050,MEDPLUS,Medplus Health Services Limited
1051,MEGASOFT,Megasoft Limited
1052,MEGASTAR,Megastar Foods Limited
1053,MELSTAR,Melstar Information Technologies Limited
1054,MENONBE,Menon Bearings Limited
1055,MEP,MEP Infrastructure Developers Limited
1056,MERCATOR,Mercator Limited
1057,METALFORGE,Metalyst Forgings Limited
1058,METROBRAND,Metro Brands Limited
1059,METROPOLIS,Metropolis Healthcare Limited
1060,MFL,Meghmani Finechem Limited
1061,MFSL,Max Financial Services Limited
1062,MGEL,Mangalam Global Enterprise Limited
1063,MGL,Mahanagar Gas Limited
1064,MHLXMIRU,Mahalaxmi Rubtech Limited
1065,MHRIL,Mahindra Holidays & Resorts India Limited
1066,MICEL,MIC Electronics Limited
1067,MIDHANI,Mishra Dhatu Nigam Limited
1068,MINDACORP,Minda Corporation Limited
1069,MINDTECK,Mindteck (India) Limited
1070,MIRCELECTR,MIRC Electronics Limited
1071,MIRZAINT,Mirza International Limited
1072,MITCON,MITCON Consultancy & Engineering Services Limited
1073,MITTAL,Mittal Life Style Limited
1074,MMFL,MM Forgings Limited
1075,MMP,MMP Industries Limited
1076,MMTC,MMTC Limited
1077,MODIRUBBER,Modi Rubber Limited
1078,MODISONLTD,MODISON LIMITED
1079,MOHITIND,Mohit Industries Limited
1080,MOIL,MOIL Limited
1081,MOKSH,Moksh Ornaments Limited
1082,MOL,Meghmani Organics Limited
1083,MOLDTECH,Mold-Tek Technologies Limited
1084,MOLDTKPAC,Mold-Tek Packaging Limited
1085,MONARCH,Monarch Networth Capital Limited
1086,MONTECARLO,Monte Carlo Fashions Limited
1087,MORARJEE,Morarjee Textiles Limited
1088,MOREPENLAB,Morepen Laboratories Limited
1089,MOTHERSON,Samvardhana Motherson International Limited
1090,MOTILALOFS,Motilal Oswal Financial Services Limited
1091,MOTOGENFIN,The Motor & General Finance Limited
1092,MPHASIS,MphasiS Limited
1093,MPSLTD,MPS Limited
1094,MRF,MRF Limited
1095,MRO-TEK,MRO-TEK Realty Limited
1096,MRPL,Mangalore Refinery and Petrochemicals Limited
1097,MSPL,MSP Steel & Power Limited
1098,MSTCLTD,Mstc Limited
1099,MSUMI,Motherson Sumi Wiring India Limited
1100,MTARTECH,Mtar Technologies Limited
1101,MTEDUCARE,MT Educare Limited
1102,MTNL,Mahanagar Telephone Nigam Limited
1103,MUKANDLTD,Mukand Limited
1104,MUKTAARTS,Mukta Arts Limited
1105,MUNJALAU,Munjal Auto Industries Limited
1106,MUNJALSHOW,Munjal Showa Limited
1107,MURUDCERA,Murudeshwar Ceramics Limited
1108,MUTHOOTCAP,Muthoot Capital Services Limited
1109,MUTHOOTFIN,Muthoot Finance Limited
1110,NACLIND,NACL Industries Limited
1111,NAGAFERT,Nagarjuna Fertilizers and Chemicals Limited
1112,NAGREEKCAP,Nagreeka Capital & Infrastructure Limited
1113,NAGREEKEXP,Nagreeka Exports Limited
1114,NAHARCAP,Nahar Capital and Financial Services Limited
1115,NAHARINDUS,Nahar Industrial Enterprises Limited
1116,NAHARPOLY,Nahar Poly Films Limited
1117,NAHARSPING,Nahar Spinning Mills Limited
1118,NAM-INDIA,Nippon Life India Asset Management Limited
1119,NARMADA,Narmada Agrobase Limited
1120,NATCOPHARM,Natco Pharma Limited
1121,NATHBIOGEN,Nath Bio-Genes (India) Limited
1122,NATIONALUM,National Aluminium Company Limited
1123,NAUKRI,Info Edge (India) Limited
1124,NAVA,NAVA LIMITED
1125,NAVINFLUOR,Navin Fluorine International Limited
1126,NAVKARCORP,Navkar Corporation Limited
1127,NAVNETEDUL,Navneet Education Limited
1128,NAZARA,Nazara Technologies Limited
1129,NBCC,NBCC (India) Limited
1130,NBIFIN,N. B. I. Industrial Finance Company Limited
1131,NCC,NCC Limited
1132,NCLIND,NCL Industries Limited
1133,NDGL,Naga Dhunseri Group Limited
1134,NDL,Nandan Denim Limited
1135,NDRAUTO,Ndr Auto Components Limited
1136,NDTV,New Delhi Television Limited
1137,NECCLTD,North Eastern Carrying Corporation Limited
1138,NECLIFE,Nectar Lifesciences Limited
1139,NELCAST,Nelcast Limited
1140,NELCO,NELCO Limited
1141,NEOGEN,Neogen Chemicals Limited
1142,NESCO,Nesco Limited
1143,NESTLEIND,Nestle India Limited
1144,NETWORK18,Network18 Media & Investments Limited
1145,NEULANDLAB,Neuland Laboratories Limited
1146,NEWGEN,Newgen Software Technologies Limited
1147,NEXTMEDIA,Next Mediaworks Limited
1148,NFL,National Fertilizers Limited
1149,NGIL,Nakoda Group of Industries Limited
1150,NGLFINE,NGL Fine-Chem Limited
1151,NH,Narayana Hrudayalaya Ltd.
1152,NHPC,NHPC Limited
1153,NIACL,The New India Assurance Company Limited
1154,NIBL,NRB Industrial Bearings Limited
1155,NIITLTD,NIIT Limited
1156,NILAINFRA,Nila Infrastructures Limited
1157,NILASPACES,Nila Spaces Limited
1158,NILKAMAL,Nilkamal Limited
1159,NIPPOBATRY,Indo-National Limited
1160,NIRAJ,Niraj Cement Structurals Limited
1161,NIRAJISPAT,Niraj Ispat Industries Limited
1162,NITCO,Nitco Limited
1163,NITINSPIN,Nitin Spinners Limited
1164,NITIRAJ,Nitiraj Engineers Limited
1165,NKIND,NK Industries Limited
1166,NLCINDIA,NLC India Limited
1167,NMDC,NMDC Limited
1168,NOCIL,NOCIL Limited
1169,NOIDATOLL,Noida Toll Bridge Company Limited
1170,NORBTEAEXP,Norben Tea & Exports Limited
1171,NOVARTIND,Novartis India Limited
1172,NRAIL,N R Agarwal Industries Limited
1173,NRBBEARING,NRB Bearing Limited
1174,NRL,Nupur Recyclers Limited
1175,NSIL,Nalwa Sons Investments Limited
1176,NTPC,NTPC Limited
1177,NUCLEUS,Nucleus Software Exports Limited
1178,NURECA,Nureca Limited
1179,NUVOCO,Nuvoco Vistas Corporation Limited
1180,NXTDIGITAL,NXTDIGITAL LIMITED
1181,NYKAA,FSN E-Commerce Ventures Limited
1182,OAL,Oriental Aromatics Limited
1183,OBCL,Orissa Bengal Carrier Limited
1184,OBEROIRLTY,Oberoi Realty Limited
1185,OCCL,Oriental Carbon & Chemicals Limited
1186,OFSS,Oracle Financial Services Software Limited
1187,OIL,Oil India Limited
1188,OILCOUNTUB,Oil Country Tubular Limited
1189,OLECTRA,Olectra Greentech Limited
1190,OMAXAUTO,Omax Autos Limited
1191,OMAXE,Omaxe Limited
1192,OMINFRAL,OM INFRA LIMITED
1193,OMKARCHEM,Omkar Speciality Chemicals Limited
1194,ONELIFECAP,Onelife Capital Advisors Limited
1195,ONEPOINT,One Point One Solutions Limited
1196,ONGC,Oil & Natural Gas Corporation Limited
1197,ONMOBILE,OnMobile Global Limited
1198,ONWARDTEC,Onward Technologies Limited
1199,OPTIEMUS,Optiemus Infracom Limited
1200,ORBTEXP,Orbit Exports Limited
1201,ORCHPHARMA,Orchid Pharma Limited
1202,ORICONENT,Oricon Enterprises Limited
1203,ORIENTABRA,Orient Abrasives Limited
1204,ORIENTALTL,Oriental Trimex Limited
1205,ORIENTBELL,Orient Bell Limited
1206,ORIENTCEM,Orient Cement Limited
1207,ORIENTELEC,Orient Electric Limited
1208,ORIENTHOT,Oriental Hotels Limited
1209,ORIENTLTD,Orient Press Limited
1210,ORIENTPPR,Orient Paper & Industries Limited
1211,ORISSAMINE,The Orissa Minerals Development Company Limited
1212,ORTINLAB,Ortin Laboratories Limited
1213,OSIAHYPER,Osia Hyper Retail Limited
1214,OSWALAGRO,Oswal Agro Mills Limited
1215,PAGEIND,Page Industries Limited
1216,PAISALO,Paisalo Digital Limited
1217,PALASHSECU,Palash Securities Limited
1218,PALREDTEC,Palred Technologies Limited
1219,PANACEABIO,Panacea Biotec Limited
1220,PANACHE,Panache Digilife Limited
1221,PANAMAPET,Panama Petrochem Limited
1222,PANSARI,Pansari Developers Limited
1223,PAR,Par Drugs And Chemicals Limited
1224,PARACABLES,Paramount Communications Limited
1225,PARADEEP,Paradeep Phosphates Limited
1226,PARAGMILK,Parag Milk Foods Limited
1227,PARAS,Paras Defence and Space Technologies Limited
1228,PARASPETRO,Paras Petrofils Limited
1229,PARSVNATH,Parsvnath Developers Limited
1230,PASUPTAC,Pasupati Acrylon Limited
1231,PATANJALI,Patanjali Foods Limited
1232,PATELENG,Patel Engineering Limited
1233,PATINTLOG,Patel Integrated Logistics Limited
1234,PAYTM,One 97 Communications Limited
1235,PCBL,PCBL LIMITED
1236,PCJEWELLER,PC Jeweller Limited
1237,PDMJEPAPER,Pudumjee Paper Products Limited
1238,PDSL,PDS Limited
1239,PEARLPOLY,Pearl Polymers Limited
1240,PEL,Piramal Enterprises Limited
1241,PENIND,Pennar Industries Limited
1242,PENINLAND,Peninsula Land Limited
1243,PERSISTENT,Persistent Systems Limited
1244,PETRONET,Petronet LNG Limited
1245,PFC,Power Finance Corporation Limited
1246,PFIZER,Pfizer Limited
1247,PFOCUS,Prime Focus Limited
1248,PFS,PTC India Financial Services Limited
1249,PGEL,PG Electroplast Limited
1250,PGHH,Procter & Gamble Hygiene and Health Care Limited
1251,PGHL,Procter & Gamble Health Limited
1252,PGIL,Pearl Global Industries Limited
1253,PHOENIXLTD,The Phoenix Mills Limited
1254,PIDILITIND,Pidilite Industries Limited
1255,PIIND,PI Industries Limited
1256,PILANIINVS,Pilani Investment and Industries Corporation Limited
1257,PILITA,PIL ITALICA LIFESTYLE LIMITED
1258,PIONEEREMB,Pioneer Embroideries Limited
1259,PITTIENG,Pitti Engineering Limited
1260,PIXTRANS,Pix Transmissions Limited
1261,PKTEA,The Peria Karamalai Tea & Produce Company Limited
1262,PLASTIBLEN,Plastiblends India Limited
1263,PNB,Punjab National Bank
1264,PNBGILTS,PNB Gilts Limited
1265,PNBHOUSING,PNB Housing Finance Limited
1266,PNC,Pritish Nandy Communications Limited
1267,PNCINFRA,PNC Infratech Limited
1268,PODDARHOUS,Poddar Housing and Development Limited
1269,PODDARMENT,Poddar Pigments Limited
1270,POKARNA,Pokarna Limited
1271,POLICYBZR,PB Fintech Limited
1272,POLYCAB,Polycab India Limited
1273,POLYMED,Poly Medicure Limited
1274,POLYPLEX,Polyplex Corporation Limited
1275,PONNIERODE,Ponni Sugars (Erode) Limited
1276,POONAWALLA,Poonawalla Fincorp Limited
1277,POWERGRID,Power Grid Corporation of India Limited
1278,POWERINDIA,Hitachi Energy India Limited
1279,POWERMECH,Power Mech Projects Limited
1280,PPAP,PPAP Automotive Limited
1281,PPL,Prakash Pipes Limited
1282,PPLPHARMA,Piramal Pharma Limited
1283,PRAENG,Prajay Engineers Syndicate Limited
1284,PRAJIND,Praj Industries Limited
1285,PRAKASH,Prakash Industries Limited
1286,PRAKASHSTL,Prakash Steelage Limited
1287,PRAXIS,Praxis Home Retail Limited
1288,PRECAM,Precision Camshafts Limited
1289,PRECOT,Precot Limited
1290,PRECWIRE,Precision Wires India Limited
1291,PREMEXPLN,Premier Explosives Limited
1292,PREMIER,Premier Limited
1293,PREMIERPOL,Premier Polyfilm Limited
1294,PRESSMN,Pressman Advertising Limited
1295,PRESTIGE,Prestige Estates Projects Limited
1296,PRICOLLTD,Pricol Limited
1297,PRIMESECU,Prime Securities Limited
1298,PRINCEPIPE,Prince Pipes And Fittings Limited
1299,PRITI,Priti International Limited
1300,PRITIKAUTO,Pritika Auto Industries Limited
1301,PRIVISCL,Privi Speciality Chemicals Limited
1302,PROZONINTU,Prozone Intu Properties Limited
1303,PRSMJOHNSN,Prism Johnson Limited
1304,PRUDENT,Prudent Corporate Advisory Services Limited
1305,PSB,Punjab & Sind Bank
1306,PSPPROJECT,PSP Projects Limited
1307,PTC,PTC India Limited
1308,PTL,PTL Enterprises Limited
1309,PUNJABCHEM,Punjab Chemicals & Crop Protection Limited
1310,PURVA,Puravankara Limited
1311,PVP,PVP Ventures Limited
1312,PVR,PVR Limited
1313,QUESS,Quess Corp Limited
1314,QUICKHEAL,Quick Heal Technologies Limited
1315,RADHIKAJWE,Radhika Jeweltech Limited
1316,RADIANTCMS,Radiant Cash Management Services Limited
1317,RADICO,Radico Khaitan Limited
1318,RADIOCITY,Music Broadcast Limited
1319,RAILTEL,Railtel Corporation Of India Limited
1320,RAIN,Rain Industries Limited
1321,RAINBOW,Rainbow Childrens Medicare Limited
1322,RAJESHEXPO,Rajesh Exports Limited
1323,RAJMET,Rajnandini Metal Limited
1324,RAJRATAN,Rajratan Global Wire Limited
1325,RAJRILTD,Raj Rayon Industries Limited
1326,RAJSREESUG,Rajshree Sugars & Chemicals Limited
1327,RAJTV,Raj Television Network Limited
1328,RALLIS,Rallis India Limited
1329,RAMANEWS,Shree Rama Newsprint Limited
1330,RAMAPHO,Rama Phosphates Limited
1331,RAMASTEEL,Rama Steel Tubes Limited
1332,RAMCOCEM,The Ramco Cements Limited
1333,RAMCOIND,Ramco Industries Limited
1334,RAMCOSYS,Ramco Systems Limited
1335,RAMKY,Ramky Infrastructure Limited
1336,RAMRAT,Ram Ratna Wires Limited
1337,RANASUG,Rana Sugars Limited
1338,RANEENGINE,Rane Engine Valve Limited
1339,RANEHOLDIN,Rane Holdings Limited
1340,RATEGAIN,Rategain Travel Technologies Limited
1341,RATNAMANI,Ratnamani Metals & Tubes Limited
1342,RAYMOND,Raymond Limited
1343,RBA,Restaurant Brands Asia Limited
1344,RBL,Rane Brake Lining Limited
1345,RBLBANK,RBL Bank Limited
1346,RCF,Rashtriya Chemicals and Fertilizers Limited
1347,RCOM,Reliance Communications Limited
1348,RECLTD,REC Limited
1349,REDINGTON,Redington Limited
1350,REFEX,Refex Industries Limited
1351,REGENCERAM,Regency Ceramics Limited
1352,RELAXO,Relaxo Footwears Limited
1353,RELCHEMQ,Reliance Chemotex Industries Limited
1354,RELIANCE,Reliance Industries Limited
1355,RELIGARE,Religare Enterprises Limited
1356,RELINFRA,Reliance Infrastructure Limited
1357,REMSONSIND,Remsons Industries Limited
1358,RENUKA,Shree Renuka Sugars Limited
1359,REPCOHOME,Repco Home Finance Limited
1360,REPL,Rudrabhishek Enterprises Limited
1361,REPRO,Repro India Limited
1362,RESPONIND,Responsive Industries Limited
1363,REVATHI,Revathi Equipment Limited
1364,RGL,Renaissance Global Limited
1365,RHFL,Reliance Home Finance Limited
1366,RHIM,RHI MAGNESITA INDIA LIMITED
1367,RICOAUTO,Rico Auto Industries Limited
1368,RIIL,Reliance Industrial Infrastructure Limited
1369,RITCO,Ritco Logistics Limited
1370,RITES,RITES Limited
1371,RKDL,Ravi Kumar Distilleries Limited
1372,RKEC,RKEC Projects Limited
1373,RKFORGE,Ramkrishna Forgings Limited
1374,RMCL,Radha Madhav Corporation Limited
1375,RML,Rane (Madras) Limited
1376,RNAVAL,Reliance Naval and Engineering Limited
1377,ROHLTD,Royal Orchid Hotels Limited
1378,ROLEXRINGS,Rolex Rings Limited
1379,ROLLT,Rollatainers Limited
1380,ROLTA,Rolta India Limited
1381,ROML,Raj Oil Mills Limited
1382,ROSSARI,Rossari Biotech Limited
1383,ROSSELLIND,Rossell India Limited
1384,ROTO,Roto Pumps Limited
1385,ROUTE,ROUTE MOBILE LIMITED
1386,RPGLIFE,RPG Life Sciences Limited
1387,RPOWER,Reliance Power Limited
1388,RPPINFRA,R.P.P. Infra Projects Limited
1389,RPPL,Rajshree Polypack Limited
1390,RPSGVENT,RPSG VENTURES LIMITED
1391,RSSOFTWARE,R. S. Software (India) Limited
1392,RSWM,RSWM Limited
1393,RSYSTEMS,R Systems International Limited
1394,RTNINDIA,RattanIndia Enterprises Limited
1395,RTNPOWER,RattanIndia Power Limited
1396,RUBYMILLS,The Ruby Mills Limited
1397,RUCHINFRA,Ruchi Infrastructure Limited
1398,RUCHIRA,Ruchira Papers Limited
1399,RUPA,Rupa & Company Limited
1400,RUSHIL,Rushil Decor Limited
1401,RUSTOMJEE,Keystone Realtors Limited
1402,RVHL,Ravinder Heights Limited
1403,RVNL,Rail Vikas Nigam Limited
1404,S&SPOWER,S&S Power Switchgears Limited
1405,SABEVENTS,Sab Events & Governance Now Media Limited
1406,SABTN,Sri Adhikari Brothers Television Network Limited
1407,SADBHAV,Sadbhav Engineering Limited
1408,SADBHIN,Sadbhav Infrastructure Project Limited
1409,SAFARI,Safari Industries (India) Limited
1410,SAGARDEEP,Sagardeep Alloys Limited
1411,SAGCEM,Sagar Cements Limited
1412,SAH,Sah Polymers Limited
1413,SAIL,Steel Authority of India Limited
1414,SAKAR,Sakar Healthcare Limited
1415,SAKHTISUG,Sakthi Sugars Limited
1416,SAKSOFT,Saksoft Limited
1417,SAKUMA,Sakuma Exports Limited
1418,SALASAR,Salasar Techno Engineering Limited
1419,SALONA,Salona Cotspin Limited
1420,SALSTEEL,S.A.L. Steel Limited
1421,SALZERELEC,Salzer Electronics Limited
1422,SAMBHAAV,Sambhaav Media Limited
1423,SANCO,Sanco Industries Limited
1424,SANDESH,The Sandesh Limited
1425,SANDHAR,Sandhar Technologies Limited
1426,SANGAMIND,Sangam (India) Limited
1427,SANGHIIND,Sanghi Industries Limited
1428,SANGHVIMOV,Sanghvi Movers Limited
1429,SANGINITA,Sanginita Chemicals Limited
1430,SANOFI,Sanofi India Limited
1431,SANSERA,Sansera Engineering Limited
1432,SANWARIA,Sanwaria Consumer Limited
1433,SAPPHIRE,Sapphire Foods India Limited
1434,SARDAEN,Sarda Energy & Minerals Limited
1435,SAREGAMA,Saregama India Limited
1436,SARLAPOLY,Sarla Performance Fibers Limited
1437,SARVESHWAR,Sarveshwar Foods Limited
1438,SASKEN,Sasken Technologies Limited
1439,SASTASUNDR,Sastasundar Ventures Limited
1440,SATIA,Satia Industries Limited
1441,SATIN,Satin Creditcare Network Limited
1442,SATINDLTD,Sat Industries Limited
1443,SBC,SBC Exports Limited
1444,SBCL,Shivalik Bimetal Controls Limited
1445,SBGLP,Suratwwala Business Group Limited
1446,SBICARD,SBI Cards and Payment Services Limited
1447,SBILIFE,SBI Life Insurance Company Limited
1448,SBIN,State Bank of India
1449,SCAPDVR,Stampede Capital Limited
1450,SCHAEFFLER,Schaeffler India Limited
1451,SCHAND,S Chand And Company Limited
1452,SCHNEIDER,Schneider Electric Infrastructure Limited
1453,SCI,Shipping Corporation Of India Limited
1454,SCPL,Sheetal Cool Products Limited
1455,SDBL,Som Distilleries & Breweries Limited
1456,SEAMECLTD,Seamec Limited
1457,SECURCRED,SecUR Credentials Limited
1458,SECURKLOUD,SECUREKLOUD TECHNOLOGIES LIMITED
1459,SEJALLTD,Sejal Glass Limited
1460,SELAN,Selan Exploration Technology Limited
1461,SELMC,SEL Manufacturing Company Limited
1462,SEPC,SEPC Limited
1463,SEPOWER,S.E. Power Limited
1464,SEQUENT,Sequent Scientific Limited
1465,SERVOTECH,Servotech Power Systems Limited
1466,SESHAPAPER,Seshasayee Paper and Boards Limited
1467,SETCO,Setco Automotive Limited
1468,SETUINFRA,Setubandhan Infrastructure Limited
1469,SFL,Sheela Foam Limited
1470,SGIL,Synergy Green Industries Limited
1471,SGL,STL Global Limited
1472,SHAHALLOYS,Shah Alloys Limited
1473,SHAILY,Shaily Engineering Plastics Limited
1474,SHAKTIPUMP,Shakti Pumps (India) Limited
1475,SHALBY,Shalby Limited
1476,SHALPAINTS,Shalimar Paints Limited
1477,SHANKARA,Shankara Building Products Limited
1478,SHANTI,Shanti Overseas (India) Limited
1479,SHANTIGEAR,Shanthi Gears Limited
1480,SHARDACROP,Sharda Cropchem Limited
1481,SHARDAMOTR,Sharda Motor Industries Limited
1482,SHAREINDIA,Share India Securities Limited
1483,SHEMAROO,Shemaroo Entertainment Limited
1484,SHILPAMED,Shilpa Medicare Limited
1485,SHIVALIK,Shivalik Rasayan Limited
1486,SHIVAMAUTO,Shivam Autotech Limited
1487,SHIVAMILLS,Shiva Mills Limited
1488,SHIVATEX,Shiva Texyarn Limited
1489,SHK,S H Kelkar and Company Limited
1490,SHOPERSTOP,Shoppers Stop Limited
1491,SHRADHA,Shradha Infraprojects Limited
1492,SHREDIGCEM,Shree Digvijay Cement Co.Ltd
1493,SHREECEM,SHREE CEMENT LIMITED
1494,SHREEPUSHK,Shree Pushkar Chemicals & Fertilisers Limited
1495,SHREERAMA,Shree Rama Multi-Tech Limited
1496,SHRENIK,Shrenik Limited
1497,SHREYANIND,Shreyans Industries Limited
1498,SHREYAS,Shreyas Shipping & Logistics Limited
1499,SHRIPISTON,Shriram Pistons & Rings Limited
1500,SHRIRAMFIN,Shriram Finance Limited
1501,SHRIRAMPPS,Shriram Properties Limited
1502,SHYAMCENT,Shyam Century Ferrous Limited
1503,SHYAMMETL,Shyam Metalics and Energy Limited
1504,SHYAMTEL,Shyam Telecom Limited
1505,SIEMENS,Siemens Limited
1506,SIGACHI,Sigachi Industries Limited
1507,SIGIND,Signet Industries Limited
1508,SIKKO,Sikko Industries Limited
1509,SIL,Standard Industries Limited
1510,SILGO,Silgo Retail Limited
1511,SILINV,SIL Investments Limited
1512,SILLYMONKS,Silly Monks Entertainment Limited
1513,SILVERTUC,Silver Touch Technologies Limited
1514,SIMBHALS,Simbhaoli Sugars Limited
1515,SIMPLEXINF,Simplex Infrastructures Limited
1516,SINTERCOM,Sintercom India Limited
1517,SINTEX,Sintex Industries Limited
1518,SIRCA,Sirca Paints India Limited
1519,SIS,SIS LIMITED
1520,SITINET,Siti Networks Limited
1521,SIYSIL,Siyaram Silk Mills Limited
1522,SJS,S.J.S. Enterprises Limited
1523,SJVN,SJVN Limited
1524,SKFINDIA,SKF India Limited
1525,SKIPPER,Skipper Limited
1526,SKMEGGPROD,SKM Egg Products Export (India) Limited
1527,SKYGOLD,Sky Gold Limited
1528,SMARTLINK,Smartlink Holdings Limited
1529,SMCGLOBAL,SMC Global Securities Limited
1530,SMLISUZU,SML Isuzu Limited
1531,SMLT,Sarthak Metals Limited
1532,SMSLIFE,SMS Lifesciences India Limited
1533,SMSPHARMA,SMS Pharmaceuticals Limited
1534,SNOWMAN,Snowman Logistics Limited
1535,SOBHA,Sobha Limited
1536,SOFTTECH,Softtech Engineers Limited
1537,SOLARA,Solara Active Pharma Sciences Limited
1538,SOLARINDS,Solar Industries India Limited
1539,SOMANYCERA,Somany Ceramics Limited
1540,SOMATEX,Soma Textiles & Industries Limited
1541,SOMICONVEY,Somi Conveyor Beltings Limited
1542,SONACOMS,Sona BLW Precision Forgings Limited
1543,SONAMCLOCK,Sonam Clock Limited
1544,SONATSOFTW,Sonata Software Limited
1545,SOTL,Savita Oil Technologies Limited
1546,SOUTHBANK,The South Indian Bank Limited
1547,SOUTHWEST,South West Pinnacle Exploration Limited
1548,SPAL,S. P. Apparels Limited
1549,SPANDANA,Spandana Sphoorty Financial Limited
1550,SPARC,Sun Pharma Advanced Research Company Limited
1551,SPCENET,Spacenet Enterprises India Limited
1552,SPECIALITY,Speciality Restaurants Limited
1553,SPENCERS,Spencer's Retail Limited
1554,SPENTEX,Spentex Industries Limited
1555,SPIC,Southern Petrochemicals Industries Corporation  Limited
1556,SPICEJET,SPICEJET LTD
1557,SPLIL,SPL Industries Limited
1558,SPLPETRO,Supreme Petrochem Limited
1559,SPMLINFRA,SPML Infra Limited
1560,SPORTKING,Sportking India Limited
1561,SPTL,Sintex Plastics Technology Limited
1562,SREEL,Sreeleathers Limited
1563,SREINFRA,SREI Infrastructure Finance Limited
1564,SRF,SRF Limited
1565,SRHHYPOLTD,Sree Rayalaseema Hi-Strength Hypo Limited
1566,SRPL,Shree Ram Proteins Limited
1567,SSWL,Steel Strips Wheels Limited
1568,STAR,Strides Pharma Science Limited
1569,STARCEMENT,Star Cement Limited
1570,STARHEALTH,Star Health and Allied Insurance Company Limited
1571,STARPAPER,Star Paper Mills Limited
1572,STARTECK,Starteck Finance Limited
1573,STCINDIA,The State Trading Corporation of India Limited
1574,STEELCAS,Steelcast Limited
1575,STEELCITY,Steel City Securities Limited
1576,STEELXIND,STEEL EXCHANGE INDIA LIMITED
1577,STEL,Stel Holdings Limited
1578,STERTOOLS,Sterling Tools Limited
1579,STLTECH,Sterlite Technologies Limited
1580,STOVEKRAFT,Stove Kraft Limited
1581,STYLAMIND,Stylam Industries Limited
1582,STYRENIX,Styrenix Performance Materials Limited
1583,SUBEXLTD,Subex Limited
1584,SUBROS,Subros Limited
1585,SUDARSCHEM,Sudarshan Chemical Industries Limited
1586,SUKHJITS,Sukhjit Starch & Chemicals Limited
1587,SULA,Sula Vineyards Limited
1588,SUMEETINDS,Sumeet Industries Limited
1589,SUMICHEM,Sumitomo Chemical India Limited
1590,SUMIT,Sumit Woods Limited
1591,SUMMITSEC,Summit Securities Limited
1592,SUNCLAYLTD,Sundaram Clayton Limited
1593,SUNDARAM,Sundaram Multi Pap Limited
1594,SUNDARMFIN,Sundaram Finance Limited
1595,SUNDARMHLD,Sundaram Finance Holdings Limited
1596,SUNDRMBRAK,Sundaram Brake Linings Limited
1597,SUNDRMFAST,Sundram Fasteners Limited
1598,SUNFLAG,Sunflag Iron And Steel Company Limited
1599,SUNPHARMA,Sun Pharmaceutical Industries Limited
1600,SUNTECK,Sunteck Realty Limited
1601,SUNTV,Sun TV Network Limited
1602,SUPERHOUSE,Superhouse Limited
1603,SUPERSPIN,Super Spinning Mills Limited
1604,SUPRAJIT,Suprajit Engineering Limited
1605,SUPREMEENG,Supreme Engineering Limited
1606,SUPREMEIND,Supreme Industries Limited
1607,SUPREMEINF,Supreme Infrastructure India Limited
1608,SUPRIYA,Supriya Lifescience Limited
1609,SURANASOL,Surana Solar Limited
1610,SURANAT&P,Surana Telecom and Power Limited
1611,SURYALAXMI,Suryalakshmi Cotton Mills Limited
1612,SURYAROSNI,Surya Roshni Limited
1613,SURYODAY,Suryoday Small Finance Bank Limited
1614,SUTLEJTEX,Sutlej Textiles and Industries Limited
1615,SUULD,Suumaya Industries Limited
1616,SUVEN,Suven Life Sciences Limited
1617,SUVENPHAR,Suven Pharmaceuticals Limited
1618,SUVIDHAA,Suvidhaa Infoserve Limited
1619,SUZLON,Suzlon Energy Limited
1620,SVPGLOB,SVP GLOBAL TEXTILES LIMITED
1621,SWANENERGY,Swan Energy Limited
1622,SWARAJENG,Swaraj Engines Limited
1623,SWELECTES,Swelect Energy Systems Limited
1624,SWSOLAR,Sterling and Wilson Renewable Energy Limited
1625,SYMPHONY,Symphony Limited
1626,SYNCOMF,Syncom Formulations (India) Limited
1627,SYNGENE,Syngene International Limited
1628,SYRMA,Syrma SGS Technology Limited
1629,TAINWALCHM,Tainwala Chemical and Plastic (I) Limited
1630,TAJGVK,Taj GVK Hotels & Resorts Limited
1631,TAKE,Take Solutions Limited
1632,TALBROAUTO,Talbros Automotive Components Limited
1633,TANLA,Tanla Platforms Limited
1634,TANTIACONS,Tantia Constructions Limited
1635,TARAPUR,Tarapur Transformers Limited
1636,TARC,TARC Limited
1637,TARMAT,Tarmat Limited
1638,TARSONS,Tarsons Products Limited
1639,TASTYBITE,Tasty Bite Eatables Limited
1640,TATACHEM,Tata Chemicals Limited
1641,TATACOFFEE,Tata Coffee Limited
1642,TATACOMM,Tata Communications Limited
1643,TATACONSUM,TATA CONSUMER PRODUCTS LIMITED
1644,TATAELXSI,Tata Elxsi Limited
1645,TATAINVEST,Tata Investment Corporation Limited
1646,TATAMETALI,Tata Metaliks Limited
1647,TATAMOTORS,Tata Motors Limited
1648,TATAMTRDVR,Tata Motors Limited
1649,TATAPOWER,Tata Power Company Limited
1650,TATASTEEL,Tata Steel Limited
1651,TATASTLLP,Tata Steel Long Products Limited
1652,TATVA,Tatva Chintan Pharma Chem Limited
1653,TBZ,Tribhovandas Bhimji Zaveri Limited
1654,TCI,Transport Corporation of India Limited
1655,TCIEXP,TCI Express Limited
1656,TCNSBRANDS,TCNS Clothing Co. Limited
1657,TCPLPACK,TCPL Packaging Limited
1658,TCS,Tata Consultancy Services Limited
1659,TDPOWERSYS,TD Power Systems Limited
1660,TEAMLEASE,Teamlease Services Limited
1661,TECHIN,Techindia Nirman Limited
1662,TECHM,Tech Mahindra Limited
1663,TECHNOE,Techno Electric & Engineering Company Limited
1664,TEGA,Tega Industries Limited
1665,TEJASNET,Tejas Networks Limited
1666,TEMBO,Tembo Global Industries Limited
1667,TERASOFT,Tera Software Limited
1668,TEXINFRA,Texmaco Infrastructure & Holdings Limited
1669,TEXMOPIPES,Texmo Pipes and Products Limited
1670,TEXRAIL,Texmaco Rail & Engineering Limited
1671,TFCILTD,Tourism Finance Corporation of India Limited
1672,TFL,Transwarranty Finance Limited
1673,TGBHOTELS,TGB Banquets And Hotels Limited
1674,THANGAMAYL,Thangamayil Jewellery Limited
1675,THEINVEST,The Investment Trust Of India Limited
1676,THEMISMED,Themis Medicare Limited
1677,THERMAX,Thermax Limited
1678,THOMASCOOK,Thomas Cook  (India)  Limited
1679,THOMASCOTT,Thomas Scott (India) Limited
1680,THYROCARE,Thyrocare Technologies Limited
1681,TI,Tilaknagar Industries Limited
1682,TIDEWATER,Tide Water Oil Company (India) Limited
1683,TIIL,Technocraft Industries (India) Limited
1684,TIINDIA,Tube Investments of India Limited
1685,TIJARIA,Tijaria Polypipes Limited
1686,TIL,TIL Limited
1687,TIMESGTY,Times Guaranty Limited
1688,TIMETECHNO,Time Technoplast Limited
1689,TIMKEN,Timken India Limited
1690,TINPLATE,The Tinplate Company of India Limited
1691,TIPSFILMS,Tips Films Limited
1692,TIPSINDLTD,TIPS Industries Limited
1693,TIRUMALCHM,Thirumalai Chemicals Limited
1694,TIRUPATIFL,Tirupati Forge Limited
1695,TITAN,Titan Company Limited
1696,TMB,Tamilnad Mercantile Bank Limited
1697,TNPETRO,Tamilnadu PetroProducts Limited
1698,TNPL,Tamil Nadu Newsprint & Papers Limited
1699,TNTELE,Tamilnadu Telecommunication Limited
1700,TOKYOPLAST,Tokyo Plast International Limited
1701,TORNTPHARM,Torrent Pharmaceuticals Limited
1702,TORNTPOWER,Torrent Power Limited
1703,TOTAL,Total Transport Systems Limited
1704,TOUCHWOOD,Touchwood Entertainment Limited
1705,TPLPLASTEH,TPL Plastech Limited
1706,TRACXN,Tracxn Technologies Limited
1707,TREEHOUSE,Tree House Education & Accessories Limited
1708,TREJHARA,TREJHARA SOLUTIONS LIMITED
1709,TRENT,Trent Limited
1710,TRF,TRF Limited
1711,TRIDENT,Trident Limited
1712,TRIGYN,Trigyn Technologies Limited
1713,TRIL,Transformers And Rectifiers (India) Limited
1714,TRITURBINE,Triveni Turbine Limited
1715,TRIVENI,Triveni Engineering & Industries Limited
1716,TRU,TruCap Finance Limited
1717,TTKHLTCARE,TTK Healthcare Limited
1718,TTKPRESTIG,TTK Prestige Limited
1719,TTL,T T Limited
1720,TTML,Tata Teleservices (Maharashtra) Limited
1721,TV18BRDCST,TV18 Broadcast Limited
1722,TVSELECT,TVS Electronics Limited
1723,TVSMOTOR,TVS Motor Company Limited
1724,TVSSRICHAK,TVS Srichakra Limited
1725,TVTODAY,TV Today Network Limited
1726,TVVISION,TV Vision Limited
1727,TWL,Titagarh Wagons Limited
1728,UBL,United Breweries Limited
1729,UCALFUEL,Ucal Fuel Systems Limited
1730,UCOBANK,UCO Bank
1731,UDAICEMENT,Udaipur Cement Works Limited
1732,UFLEX,UFLEX Limited
1733,UFO,UFO Moviez India Limited
1734,UGARSUGAR,The Ugar Sugar Works Limited
1735,UGROCAP,Ugro Capital Limited
1736,UJAAS,Ujaas Energy Limited
1737,UJJIVAN,Ujjivan Financial Services Limited
1738,UJJIVANSFB,Ujjivan Small Finance Bank Limited
1739,ULTRACEMCO,UltraTech Cement Limited
1740,UMAEXPORTS,Uma Exports Limited
1741,UMANGDAIRY,Umang Dairies Limited
1742,UMESLTD,Usha Martin Education & Solutions Limited
1743,UNICHEMLAB,Unichem Laboratories Limited
1744,UNIDT,United Drilling Tools Limited
1745,UNIENTER,Uniphos Enterprises Limited
1746,UNIINFO,Uniinfo Telecom Services Limited
1747,UNIONBANK,Union Bank of India
1748,UNIPARTS,Uniparts India Limited
1749,UNITECH,Unitech Limited
1750,UNITEDPOLY,United Polyfab Gujarat Limited
1751,UNITEDTEA,The United Nilgiri Tea Estates Company Limited
1752,UNIVASTU,Univastu India Limited
1753,UNIVCABLES,Universal Cables Limited
1754,UNIVPHOTO,Universus Photo Imagings Limited
1755,UNOMINDA,UNO Minda Limited
1756,UPL,UPL Limited
1757,URJA,Urja Global Limited
1758,USHAMART,Usha Martin Limited
1759,UTIAMC,UTI Asset Management Company Limited
1760,UTTAMSUGAR,Uttam Sugar Mills Limited
1761,V2RETAIL,V2 Retail Limited
1762,VADILALIND,Vadilal Industries Limited
1763,VAIBHAVGBL,Vaibhav Global Limited
1764,VAISHALI,Vaishali Pharma Limited
1765,VAKRANGEE,Vakrangee Limited
1766,VALIANTORG,Valiant Organics Limited
1767,VARDHACRLC,Vardhman Acrylics Limited
1768,VARDMNPOLY,Vardhman Polytex Limited
1769,VARROC,Varroc Engineering Limited
1770,VASCONEQ,Vascon Engineers Limited
1771,VASWANI,Vaswani Industries Limited
1772,VBL,Varun Beverages Limited
1773,VCL,Vaxtex Cotfab Limited
1774,VEDL,Vedanta Limited
1775,VENKEYS,Venky's (India) Limited
1776,VENUSPIPES,Venus Pipes & Tubes Limited
1777,VENUSREM,Venus Remedies Limited
1778,VERANDA,Veranda Learning Solutions Limited
1779,VERTOZ,Vertoz Advertising Limited
1780,VESUVIUS,Vesuvius India Limited
1781,VETO,Veto Switchgears And Cables Limited
1782,VGUARD,V-Guard Industries Limited
1783,VHL,Vardhman Holdings Limited
1784,VICEROY,Viceroy Hotels Limited
1785,VIDHIING,Vidhi Specialty Food Ingredients Limited
1786,VIJAYA,Vijaya Diagnostic Centre Limited
1787,VIJIFIN,Viji Finance Limited
1788,VIKASECO,Vikas EcoTech Limited
1789,VIKASLIFE,Vikas Lifecare Limited
1790,VIKASPROP,Vikas Proppant & Granite Limited
1791,VIKASWSP,Vikas WSP Limited
1792,VIMTALABS,Vimta Labs Limited
1793,VINATIORGA,Vinati Organics Limited
1794,VINDHYATEL,Vindhya Telelinks Limited
1795,VINEETLAB,Vineet Laboratories Limited
1796,VINNY,Vinny Overseas Limited
1797,VINYLINDIA,Vinyl Chemicals (India) Limited
1798,VIPCLOTHNG,VIP Clothing Limited
1799,VIPIND,VIP Industries Limited
1800,VIPULLTD,Vipul Limited
1801,VISAKAIND,Visaka Industries Limited
1802,VISASTEEL,Visa Steel Limited
1803,VISESHINFO,Visesh Infotecnics Limited
1804,VISHAL,Vishal Fabrics Limited
1805,VISHNU,Vishnu Chemicals Limited
1806,VISHWARAJ,Vishwaraj Sugar Industries Limited
1807,VIVIDHA,Visagar Polytex Limited
1808,VLSFINANCE,VLS Finance Limited
1809,VMART,V-Mart Retail Limited
1810,VOLTAMP,Voltamp Transformers Limited
1811,VOLTAS,Voltas Limited
1812,VRLLOG,VRL Logistics Limited
1813,VSSL,Vardhman Special Steels Limited
1814,VSTIND,VST Industries Limited
1815,VSTTILLERS,V.S.T Tillers Tractors Limited
1816,VTL,Vardhman Textiles Limited
1817,WABAG,VA Tech Wabag Limited
1818,WALCHANNAG,Walchandnagar Industries Limited
1819,WANBURY,Wanbury Limited
1820,WATERBASE,Waterbase Limited
1821,WEALTH,Wealth First Portfolio Managers Limited
1822,WEBELSOLAR,Websol Energy System Limited
1823,WEIZMANIND,Weizmann Limited
1824,WEL,Wonder Electricals Limited
1825,WELCORP,Welspun Corp Limited
1826,WELENT,Welspun Enterprises Limited
1827,WELINV,Welspun Investments and Commercials Limited
1828,WELSPUNIND,Welspun India Limited
1829,WENDT,Wendt (India) Limited
1830,WESTLIFE,WESTLIFE FOODWORLD LIMITED
1831,WEWIN,WE WIN LIMITED
1832,WHEELS,Wheels India Limited
1833,WHIRLPOOL,Whirlpool of India Limited
1834,WILLAMAGOR,Williamson Magor & Company Limited
1835,WINDLAS,Windlas Biotech Limited
1836,WINDMACHIN,Windsor Machines Limited
1837,WINPRO,WinPro Industries Limited
1838,WIPL,The Western India Plywoods Limited
1839,WIPRO,Wipro Limited
1840,WOCKPHARMA,Wockhardt Limited
1841,WONDERLA,Wonderla Holidays Limited
1842,WORTH,Worth Peripherals Limited
1843,WSTCSTPAPR,West Coast Paper Mills Limited
1844,XCHANGING,Xchanging Solutions Limited
1845,XELPMOC,Xelpmoc Design And Tech Limited
1846,XPROINDIA,Xpro India Limited
1847,YAARI,Yaari Digital Integrated Services Limited
1848,YESBANK,Yes Bank Limited
1849,YUKEN,Yuken India Limited
1850,ZEEL,Zee Entertainment Enterprises Limited
1851,ZEELEARN,Zee Learn Limited
1852,ZEEMEDIA,Zee Media Corporation Limited
1853,ZENITHEXPO,Zenith Exports Limited
1854,ZENITHSTL,Zenith Steel Pipes & Industries Limited
1855,ZENSARTECH,Zensar Technologies Limited
1856,ZENTEC,Zen Technologies Limited
1857,ZFCVINDIA,ZF Commercial Vehicle Control Systems India Limited
1858,ZIMLAB,Zim Laboratories Limited
1859,ZODIAC,Zodiac Energy Limited
1860,ZODIACLOTH,Zodiac Clothing Company Limited
1861,ZOMATO,Zomato Limited
1862,ZOTA,Zota Health Care LImited
1863,ZUARI,Zuari Agro Chemicals Limited
1864,ZUARIIND,ZUARI INDUSTRIES LIMITED
1865,ZYDUSLIFE,Zydus Lifesciences Limited
1866,ZYDUSWELL,Zydus Wellness Limited
